,player,Team,weight score
200,JM Anderson ,ENG,11.408000000000001
100,SCJ Broad ,ENG,9.745999999999999
50,HMRKB Herath ,SL,8.084999999999999
151,CR Woakes ,ENG,7.991
252,JO Holder ,WI,7.497999999999999
150,HMRKB Herath ,SL,7.272999999999998
51,JM Anderson ,ENG,7.210999999999999
350,SCJ Broad ,ENG,7.045
390,Shaheen Shah Afridi ,PAK,6.935999999999999
250,JM Anderson ,ENG,6.4079999999999995
